Frequency,wavelength
0,4051
1,4047
2,4048
3,4050
4,4052
5,4052
6,4063
7,4064
8,4058
9,4048
10,4051
11,4041
12,4055
13,4050
14,4047
15,4041
16,4050
17,4060
18,4058
19,4068
20,4053
21,4052
22,4048
23,4048
24,4048
25,4053
26,4045
27,4044
28,4043
29,4048
30,4051
31,4055
32,4059
33,4051
34,4055
35,4047
36,4053
37,4048
38,4047
39,4055
40,4043
41,4052
42,4053
43,4048
44,4067
45,4059
46,4063
47,4052
48,4049
49,4048
50,4056
51,4047
52,4043
53,4042
54,4046
55,4060
56,4052
57,4063
58,4051
59,4054
60,4048
61,4049
62,4042
63,4047
64,4043
65,4046
66,4041
67,4047
68,4050
69,4058
70,4055
71,4053
72,4051
73,4045
74,4049
75,4048
76,4047
77,4047
78,4043
79,4050
80,4051
81,4064
82,4063
83,4055
84,4055
85,4048
86,4051
87,4048
88,4056
89,4047
90,4047
91,4044
92,4047
93,4056
94,4054
95,4058
96,4053
97,4055
98,4056
99,4047
100,4044
101,4053
102,4043
103,4046
104,4040
105,4048
106,4048
107,4058
108,4053
109,4055
110,4045
111,4048
112,4053
113,4047
114,4047
115,4043
116,4043
117,4048
118,4047
119,4056
120,4063
121,4061
122,4063
123,4056
124,4055
125,4052
126,4052
127,4053
128,4047
129,4048
130,4047
131,4064
132,4056
133,4055
134,4051
135,4052
136,4052
137,4046
138,4048
139,4051
140,4047
141,4039
142,4045
143,4046
144,4051
145,4055
146,4055
147,4055
148,4055
149,4047
150,4056
151,4056
152,4047
153,4047
154,4047
155,4056
156,4054
157,4048
158,4063
159,4055
160,4061
161,4048
162,4052
163,4048
164,4056
165,4045
166,4047
167,4043
168,4047
169,4048
170,4053
171,4055
172,4055
173,4055
174,4056
175,4045
176,4053
177,4053
178,4055
179,4051
180,4048
181,4048
182,4052
183,4058
184,4055
185,4053
186,4047
187,4043
188,4050
189,4048
190,4047
191,4047
192,4039
193,4048
194,4051
195,4052
196,4063
197,4059
198,4063
199,4052
200,4051
201,4044
202,4056
203,4046
204,4043
205,4045
206,4045
207,4052
208,4054
209,4059
210,4051
211,4052
212,4052
213,4043
214,4052
215,4051
216,4047
217,4045
218,4045
219,4045
220,4052
221,4059
222,4068
223,4059
224,4051
225,4051
226,4050
227,4048
228,4047
229,4039
230,4039
231,4045
232,4046
233,4056
234,4059
235,4053
236,4055
237,4052
238,4052
239,4056
240,4058
241,4047
242,4045
243,4048
244,4047
245,4050
246,4048
247,4052
248,4056
249,4063
250,4055
251,4055
252,4043
253,4047
254,4045
255,4052
256,4048
257,4047
258,4047
259,4049
260,4068
261,4051
262,4088
263,4055
264,4043
265,4048
266,4048
267,4048
268,4041
269,4051
270,4047
271,4049
272,4056
273,4054
274,4060
275,4056
276,4047
277,4047
278,4047
279,4050
280,4047
281,4048
282,4055
283,4051
284,4061
285,4058
286,4059
287,4053
288,4057
289,4055
290,4051
291,4048
292,4045
293,4048
294,4050
295,4047
296,4047
297,4052
298,4060
299,4055
300,4056
301,4055
302,4047
303,4050
304,4048
305,4044
306,4044
307,4051
308,4047
309,4047
310,4051
311,4055
312,4060
313,4057
314,4055
315,4047
316,4064
317,4052
318,4045
319,4040
320,4053
321,4047
322,4053
323,4048
324,4052
325,4049
326,4054
327,4055
328,4053
329,4047
330,4049
331,4043
332,4045
333,4047
334,4043
335,4044
336,4050
337,4048
338,4056
339,4055
340,4059
341,4049
342,4048
343,4043
344,4048
345,4055
346,4052
347,4047
348,4043
349,4053
350,4060
351,4056
352,4054
353,4051
354,4050
355,4050
356,4048
357,4046
358,4047
359,4047
360,4056
361,4050
362,4051
363,4032
364,4057
365,4055
366,4053
367,4048
368,4046
369,4048
370,4043
371,4045
372,4045
373,4046
374,4056
375,4053
376,4058
377,4059
378,4061
379,4048
380,4050
381,4043
382,4048
383,4055
384,4058
385,4047
386,4048
387,4053
388,4062
389,4056
390,4054
391,4045
392,4048
393,4050
394,4044
395,4048
396,4052
397,4039
398,4050
399,4048
400,4051
401,4052
402,4063
403,4055
404,4055
405,4058
406,4051
407,4057
408,4048
409,4047
410,4047
411,4043
412,4056
413,4052
414,4048
415,4060
416,4053
417,4058
418,4048
419,4052
420,4048
421,4043
422,4047
423,4051
424,4045
425,4053
426,4052
427,4074
428,4055
429,4047
430,4048
431,4051
432,4039
433,4048
434,4047
435,4047
436,4043
437,4050
438,4047
439,4052
440,4063
441,4056
442,4055
443,4049
444,4055
445,4056
446,4047
447,4043
448,4047
449,4046
450,4053
451,4051
452,4057
453,4059
454,4055
455,4047
456,4052
457,4050
458,4048
459,4055
460,4047
461,4047
462,4042
463,4051
464,4056
465,4057
466,4055
467,4053
468,4053
469,4052
470,4048
471,4048
472,4051
473,4043
474,4048
475,4049
476,4046
477,4055
478,4059
479,4055
480,4051
481,4051
482,4041
483,4050
484,4056
485,4047
486,4045
487,4047
488,4056
489,4053
490,4056
491,4063
492,4055
493,4055
494,4048
495,4052
496,4040
497,4056
498,4047
499,4054
500,4045
501,4048
502,4036
503,4059
504,4055
505,4053
506,4052
507,4044
508,4049
509,4045
510,4047
511,4047
512,4043
513,4051
514,4043
515,4050
516,4059
517,4056
518,4051
519,4051
520,4043
521,4054
522,4052
523,4055
524,4045
525,4055
526,4056
527,4054
528,4058
529,4057
530,4051
531,4047
532,4048
533,4050
534,4046
535,4052
536,4047
537,4051
538,4041
539,4055
540,4060
541,4058
542,4059
543,4051
544,4053
545,4048
546,4050
547,4048
548,4051
549,4043
550,4046
551,4045
552,4044
553,4055
554,4057
555,4063
556,4051
557,4047
558,4041
559,4054
560,4052
561,4047
562,4043
563,4051
564,4064
565,4059
566,4056
567,4063
568,4055
569,4057
570,4050
571,4049
572,4050
573,4056
574,4047
575,4047
576,4043
577,4041
578,4056
579,4055
580,4055
581,4051
582,4051
583,4052
584,4049
585,4050
586,4055
587,4045
588,4046
589,4056
590,4051
591,4054
592,4058
593,4059
594,4051
595,4049
596,4043
597,4047
598,4064
599,4047
600,4048
601,4051
602,4047
603,4051
604,4054
605,4056
606,4055
607,4052
608,4045
609,4055
610,4045
611,4048
612,4048
613,4053
614,4047
615,4053
616,4051
617,4055
618,4056
619,4052
620,4055
621,4053
622,4047
623,4044
624,4048
625,4055
626,4052
627,4050
628,4047
629,4051
630,4053
631,4063
632,4050
633,4055
634,4051
635,4043
636,4060
637,4047
638,4043
639,4053
640,4047
641,4055
642,4056
643,4060
644,4053
645,4064
646,4051
647,4051
648,4052
649,4048
650,4050
651,4046
652,4047
653,4051
654,4053
655,4057
656,4052
657,4052
658,4058
659,4051
660,4047
661,4048
662,4048
663,4045
664,4054
665,4051
666,4051
667,4050
668,4049
669,4064
670,4054
671,4055
672,4055
673,4047
674,4058
675,4046
676,4048
677,4055
678,4045
679,4045
680,4052
681,4056
682,4051
683,4062
684,4048
685,4055
686,4051
687,4056
688,4048
689,4051
690,4045
691,4051
692,4051
693,4053
694,4061
695,4058
696,4055
697,4059
698,4049
699,4049
700,4048
701,4046
702,4055
703,4045
704,4043
705,4048
706,4045
707,4058
708,4060
709,4059
710,4051
711,4050
712,4052
713,4046
714,4050
715,4055
716,4055
717,4047
718,4050
719,4051
720,4052
721,4063
722,4060
723,4055
724,4048
725,4053
726,4052
727,4046
728,4048
729,4045
730,4043
731,4056
732,4060
733,4057
734,4064
735,4053
736,4051
737,4047
738,4048
739,4048
740,4063
741,4047
742,4045
743,4055
744,4048
745,4060
746,4054
747,4047
748,4059
749,4047
750,4048
751,4050
752,4042
753,4054
754,4047
755,4043
756,4052
757,4048
758,4052
759,4063
760,4062
761,4055
762,4044
763,4051
764,4056
765,4027
766,4050
767,4051
768,4049
769,4056
770,4056
771,4058
772,4064
773,4055
774,4047
775,4047
776,4048
777,4049
778,4058
779,4047
780,4047
781,4047
782,4050
783,4048
784,4056
785,4055
786,4059
787,4045
788,4052
789,4048
790,4040
791,4047
792,4053
793,4047
794,4050
795,4054
796,4047
797,4064
798,4053
799,4047
800,4047
801,4047
802,4048
803,4048
804,4047
805,4047
806,4045
807,4052
808,4056
809,4056
810,4068
811,4055
812,4051
813,4048
814,4050
815,4048
816,4047
817,4047
818,4043
819,4015
820,4048
821,4056
822,4061
823,4055
824,4063
825,4047
826,4050
827,4049
828,4048
829,4047
830,4053
831,4047
832,4050
833,4052
834,4048
835,4062
836,4051
837,4061
838,4048
839,4048
840,4048
841,4046
842,4047
843,4047
844,4043
845,4050
846,4056
847,4051
848,4056
849,4053
850,4043
851,4047
852,4049
853,4046
854,4052
855,4047
856,4047
857,4047
858,4049
859,4056
860,4056
861,4059
862,4063
863,4047
864,4048
865,4060
866,4037
867,4055
868,4045
869,4033
870,4049
871,4052
872,4087
873,4060
874,4055
875,4056
876,4049
877,4050
878,4045
879,4045
880,4047
881,4043
882,4045
883,4047
884,4052
885,4055
886,4062
887,4051
888,4051
889,4047
890,4052
891,4047
892,4036
893,4047
894,4047
895,4053
896,4049
897,4052
898,4058
899,4055
900,4063
901,4051
902,4049
903,4048
904,4040
905,4055
906,4047
907,4047
908,4052
909,4052
910,4043
911,4064
912,4055
913,4058
914,4047
915,4048
916,4042
917,4046
918,4053
919,4043
920,4047
921,4051
922,4056
923,4057
924,4059
925,4055
926,4051
927,4051
928,4044
929,4048
930,4047
931,4047
932,4045
933,4047
934,4050
935,4057
936,4060
937,4053
938,4055
939,4041
940,4048
941,4044
942,4040
943,4047
944,4044
945,4047
946,4048
947,4054
948,4043
949,4064
950,4056
951,4063
952,4053
953,4055
954,4055
955,4042
956,4047
957,4048
958,4039
959,4052
960,4049
961,4045
962,4053
963,4053
964,4056
965,4061
966,4050
967,4047
968,4047
969,4041
970,4052
971,4048
972,4055
973,4057
974,4055
975,4056
976,4056
977,4052
978,4055
979,4053
980,4049
981,4047
982,4048
983,4046
984,4055
985,4050
986,4053
987,4062
988,4051
989,4056
990,4048
991,4055
992,4047
993,4047
994,4048
995,4035
996,4037
997,4048
998,4047
999,4067
1000,4053
1001,4052
1002,4052
1003,4060
1004,4052
1005,4051
1006,4047
1007,4048
1008,4052
1009,4050
1010,4053
1011,4051
1012,4053
1013,4060
1014,4056
1015,4051
1016,4055
1017,4051
1018,4045
1019,4041
1020,4044
1021,4044
1022,4056
1023,4045
1024,4047
1025,4050
1026,4049
1027,4060
1028,4056
1029,4063
1030,4060
1031,4045
1032,4052
1033,4051
1034,4039
1035,4060
1036,4047
1037,4048
1038,4052
1039,4050
1040,4047
1041,4060
1042,4047
1043,4048
1044,4047
1045,4046
1046,4043
1047,4044
1048,4047
1049,4051
1050,4049
1051,4055
1052,4052
1053,4058
1054,4063
1055,4057
1056,4047
1057,4061
1058,4046
1059,4048
1060,4049
1061,4043
1062,4047
1063,4048
1064,4051
1065,4056
1066,4048
1067,4055
1068,4043
1069,4054
1070,4036
1071,4056
1072,4043
1073,4046
1074,4047
1075,4047
1076,4049
1077,4052
1078,4053
1079,4053
1080,4053
1081,4051
1082,4047
1083,4048
1084,4046
1085,4046
1086,4047
1087,4054
1088,4047
1089,4053
1090,4055
1091,4052
1092,4059
1093,4056
1094,4055
1095,4048
1096,4051
1097,4031
1098,4050
1099,4049
1100,4049
1101,4045
1102,4048
1103,4064
1104,4057
1105,4052
1106,4059
1107,4047
1108,4048
1109,4052
1110,4045
1111,4053
1112,4047
1113,4051
1114,4053
1115,4054
1116,4056
1117,4060
1118,4055
1119,4049
1120,4045
1121,4039
1122,4054
1123,4052
1124,4047
1125,4047
1126,4045
1127,4056
1128,4055
1129,4056
1130,4062
1131,4054
1132,4053
1133,4051
1134,4048
1135,4044
1136,4044
1137,4046
1138,4047
1139,4022
1140,4048
1141,4064
1142,4053
1143,4055
1144,4047
1145,4048
1146,4049
1147,4048
1148,4047
1149,4047
1150,4055
1151,4045
1152,4048
1153,4050
1154,4054
1155,4052
1156,4053
1157,4053
1158,4043
1159,4049
1160,4043
1161,4047
1162,4051
1163,4047
1164,4051
1165,4056
1166,4053
1167,4047
1168,4047
1169,4062
1170,4047
1171,4056
1172,4047
1173,4042
1174,4055
1175,4048
1176,4047
1177,4048
1178,4053
1179,4056
1180,4056
1181,4050
1182,4055
1183,4050
1184,4048
1185,4048
1186,4047
1187,4048
1188,4047
1189,4047
1190,4047
1191,4054
1192,4055
1193,4057
1194,4053
1195,4043
1196,4047
1197,4044
1198,4047
1199,4047
1200,4031
1201,4047
1202,4044
1203,4055
1204,4050
1205,4052
1206,4061
1207,4052
1208,4047
1209,4048
1210,4047
1211,4041
1212,4050
1213,4048
1214,4047
1215,4048
1216,4055
1217,4056
1218,4040
1219,4053
1220,4047
1221,4049
1222,4048
1223,4052
1224,4049
1225,4048
1226,4047
1227,4047
1228,4051
1229,4060
1230,4053
1231,4067
1232,4058
1233,4055
1234,4052
1235,4043
1236,4052
1237,4044
1238,4047
1239,4047
1240,4047
1241,4055
1242,4052
1243,4056
1244,4063
1245,4056
1246,4053
1247,4048
1248,4047
1249,4048
1250,4060
1251,4048
1252,4053
1253,4045
1254,4059
1255,4056
1256,4031
1257,4056
1258,4047
1259,4045
1260,4041
1261,4044
1262,4039
1263,4043
1264,4047
1265,4047
1266,4053
1267,4056
1268,4055
1269,4062
1270,4059
1271,4055
1272,4051
1273,4044
1274,4049
1275,4040
1276,4047
1277,4054
1278,4045
1279,4050
1280,4055
1281,4043
1282,4059
1283,4051
1284,4051
1285,4048
1286,4047
1287,4048
1288,4055
1289,4056
1290,4055
1291,4048
1292,4055
1293,4056
1294,4052
1295,4052
1296,4047
1297,4049
1298,4042
1299,4048
1300,4047
1301,4048
1302,4047
1303,4063
1304,4051
1305,4059
1306,4057
1307,4055
1308,4049
1309,4048
1310,4055
1311,4047
1312,4045
1313,4048
1314,4041
1315,4040
1316,4060
1317,4047
1318,4053
1319,4052
1320,4057
1321,4056
1322,4053
1323,4052
1324,4044
1325,4047
1326,4048
1327,4044
1328,4045
1329,4053
1330,4047
1331,4054
1332,4049
1333,4056
1334,4047
1335,4052
1336,4045
1337,4053
1338,4044
1339,4048
1340,4044
1341,4055
1342,4047
1343,4053
1344,4062
1345,4051
1346,4042
1347,4048
1348,4047
1349,4047
1350,4046
1351,4044
1352,4048
1353,4045
1354,4050
1355,4057
1356,4055
1357,4051
1358,4055
1359,4055
1360,4050
1361,4051
1362,4043
1363,4045
1364,4048
1365,4037
1366,4048
1367,4055
1368,4055
1369,4063
1370,4053
1371,4057
1372,4076
1373,4055
1374,4047
1375,4051
1376,4043
1377,4052
1378,4049
1379,4047
1380,4051
1381,4055
1382,4057
1383,4051
1384,4052
1385,4054
1386,4055
1387,4053
1388,4051
1389,4052
1390,4046
1391,4044
1392,4059
1393,4050
1394,4047
1395,4048
1396,4055
1397,4062
1398,4048
1399,4055
1400,4044
1401,4050
1402,4048
1403,4054
1404,4044
1405,4058
1406,4043
1407,4051
1408,4060
1409,4055
1410,4051
1411,4056
1412,4055
1413,4043
1414,4047
1415,4047
1416,4048
1417,4053
1418,4043
1419,4049
1420,4055
1421,4056
1422,4054
1423,4052
1424,4052
1425,4051
1426,4054
1427,4043
1428,4047
1429,4047
1430,4049
1431,4047
1432,4049
1433,4055
1434,4049
1435,4056
1436,4056
1437,4051
1438,4052
1439,4051
1440,4048
1441,4043
1442,4036
1443,4047
1444,4047
1445,4052
1446,4058
1447,4057
1448,4047
1449,4094
1450,4055
1451,4048
1452,4043
1453,4047
1454,4043
1455,4047
1456,4045
1457,4051
1458,4089
1459,4056
1460,4056
1461,4048
1462,4050
1463,4047
1464,4050
1465,4041
1466,4048
1467,4045
1468,4036
1469,4047
1470,4050
1471,4055
1472,4056
1473,4056
1474,4056
1475,4047
1476,4055
1477,4047
1478,4050
1479,4043
1480,4032
1481,4047
1482,4051
1483,4054
1484,4052
1485,4055
1486,4043
1487,4056
1488,4053
1489,4060
1490,4044
1491,4047
1492,4045
1493,4046
1494,4051
1495,4051
1496,4052
1497,4051
1498,4055
1499,4054
1500,4055
1501,4047
1502,4049
1503,4048
1504,4043
1505,4050
1506,4051
1507,4051
1508,4047
1509,4047
1510,4055
1511,4057
1512,4060
1513,4055
1514,4059
1515,4091
1516,4048
1517,4043
1518,4048
1519,4055
1520,4053
1521,4054
1522,4056
1523,4055
1524,4048
1525,4060
1526,4053
1527,4060
1528,4044
1529,4046
1530,4043
1531,4048
1532,4051
1533,4047
1534,4053
1535,4055
1536,4053
1537,4053
1538,4055
1539,4053
1540,4049
1541,4051
1542,4043
1543,4042
1544,4047
1545,4048
1546,4047
1547,4049
1548,4055
1549,4062
1550,4056
1551,4055
1552,4060
1553,4050
1554,4048
1555,4047
1556,4036
1557,4051
1558,4043
1559,4048
1560,4056
1561,4051
1562,4047
1563,4048
1564,4051
1565,4052
1566,4043
1567,4047
1568,4044
1569,4047
1570,4055
1571,4047
1572,4052
1573,4055
1574,4057
1575,4055
1576,4059
1577,4055
1578,4049
1579,4055
1580,4047
1581,4044
1582,4053
1583,4042
1584,4047
1585,4043
1586,4055
1587,4056
1588,4043
1589,4055
1590,4045
1591,4047
1592,4048
1593,4047
1594,4037
1595,4053
1596,4051
1597,4056
1598,4056
1599,4056
1600,4051
1601,4056
1602,4050
1603,4056
1604,4041
1605,4050
1606,4045
1607,4046
1608,4050
1609,4051
1610,4053
1611,4059
1612,4056
1613,4056
1614,4059
1615,4061
1616,4048
1617,4055
1618,4045
1619,4042
1620,4051
1621,4044
1622,4051
1623,4045
1624,4055
1625,4058
1626,4048
1627,4056
1628,4047
1629,4052
1630,4048
1631,4042
1632,4042
1633,4046
1634,4047
1635,4052
1636,4052
1637,4055
1638,4047
1639,4060
1640,4053
1641,4060
1642,4048
1643,4047
1644,4047
1645,4045
1646,4047
1647,4047
1648,4055
1649,4051
1650,4053
1651,4053
1652,4055
1653,4051
1654,4052
1655,4055
1656,4047
1657,4044
1658,4048
1659,4047
1660,4052
1661,4063
1662,4051
1663,4059
1664,4052
1665,4049
1666,4048
1667,4055
1668,4051
1669,4051
1670,4042
1671,4043
1672,4046
1673,4047
1674,4051
1675,4051
1676,4050
1677,4048
1678,4084
1679,4048
1680,4053
1681,4047
1682,4084
1683,4048
1684,4049
1685,4041
1686,4062
1687,4053
1688,4056
1689,4053
1690,4051
1691,4044
1692,4050
1693,4051
1694,4043
1695,4046
1696,4047
1697,4047
1698,4052
1699,4055
1700,4061
1701,4057
1702,4056
1703,4053
1704,4056
1705,4057
1706,4051
1707,4047
1708,4043
1709,4047
1710,4052
1711,4052
1712,4055
1713,4051
1714,4047
1715,4052
1716,4049
1717,4048
1718,4047
1719,4047
1720,4045
1721,4048
1722,4049
1723,4052
1724,4053
1725,4063
1726,4055
1727,4055
1728,4063
1729,4048
1730,4051
1731,4045
1732,4043
1733,4047
1734,4043
1735,4044
1736,4047
1737,4044
1738,4047
1739,4053
1740,4056
1741,4049
1742,4053
1743,4055
1744,4055
1745,4043
1746,4049
1747,4045
1748,4046
1749,4048
1750,4047
1751,4056
1752,4060
1753,4056
1754,4059
1755,4046
1756,4057
1757,4047
1758,4048
1759,4049
1760,4048
1761,4043
1762,4052
1763,4051
1764,4048
1765,4053
1766,4055
1767,4054
1768,4055
1769,4047
1770,4043
1771,4047
1772,4044
1773,4045
1774,4040
1775,4048
1776,4051
1777,4053
1778,4055
1779,4052
1780,4051
1781,4031
1782,4051
1783,4047
1784,4052
1785,4041
1786,4052
1787,4056
1788,4055
1789,4063
1790,4055
1791,4060
1792,4055
1793,4045
1794,4058
1795,4059
1796,4048
1797,4042
1798,4050
1799,4051
1800,4050
1801,4051
1802,4056
1803,4051
1804,4057
1805,4050
1806,4052
1807,4053
1808,4047
1809,4028
1810,4048
1811,4044
1812,4044
1813,4031
1814,4043
1815,4055
1816,4048
1817,4055
1818,4048
1819,4063
1820,4040
1821,4055
1822,4047
1823,4055
1824,4052
1825,4049
1826,4047
1827,4051
1828,4055
1829,4048
1830,4050
1831,4045
1832,4043
1833,4047
1834,4048
1835,4045
1836,4047
1837,4048
1838,4055
1839,4058
1840,4053
1841,4056
1842,4055
1843,4059
1844,4052
1845,4055
1846,4052
1847,4047
1848,4044
1849,4047
1850,4038
1851,4052
1852,4047
1853,4052
1854,4056
1855,4053
1856,4056
1857,4057
1858,4052
1859,4047
1860,4049
1861,4047
1862,4056
1863,4048
1864,4051
1865,4055
1866,4063
1867,4056
1868,4053
1869,4040
1870,4056
1871,4047
1872,4049
1873,4041
1874,4043
1875,4042
1876,4044
1877,4050
1878,4055
1879,4055
1880,4059
1881,4045
1882,4055
1883,4051
1884,4050
1885,4045
1886,4048
1887,4039
1888,4048
1889,4047
1890,4060
1891,4047
1892,4053
1893,4055
1894,4050
1895,4063
1896,4055
1897,4052
1898,4049
1899,4047
1900,4052
1901,4041
1902,4053
1903,4051
1904,4062
1905,4056
1906,4054
1907,4055
1908,4051
1909,4047
1910,4051
1911,4047
1912,4045
1913,4044
1914,4047
1915,4051
1916,4055
1917,4055
1918,4053
1919,4063
1920,4056
1921,4047
1922,4052
1923,4047
1924,4044
1925,4047
1926,4041
1927,4054
1928,4040
1929,4055
1930,4056
1931,4063
1932,4048
1933,4056
1934,4051
1935,4048
1936,4047
1937,4047
1938,4048
1939,4047
1940,4043
1941,4051
1942,4049
1943,4052
1944,4053
1945,4052
1946,4046
1947,4047
1948,4051
1949,4044
1950,4048
1951,4045
1952,4043
1953,4047
1954,4053
1955,4055
1956,4054
1957,4059
1958,4052
1959,4045
1960,4048
1961,4051
1962,4044
1963,4045
1964,4048
1965,4055
1966,4056
1967,4058
1968,4053
1969,4059
1970,4049
1971,4058
1972,4053
1973,4048
1974,4046
1975,4050
1976,4048
1977,4048
1978,4048
1979,4051
1980,4054
1981,4049
1982,4049
1983,4054
1984,4051
1985,4051
1986,4045
1987,4043
1988,4045
1989,4048
1990,4047
1991,4053
1992,4053
1993,4053
1994,4055
1995,4057
1996,4052
1997,4055
1998,4052
1999,4043
2000,4043
2001,4039
2002,4044
2003,4047
2004,4056
2005,4059
2006,4056
2007,4055
2008,4049
2009,4055
2010,4056
2011,4048
2012,4047
2013,4048
2014,4043
2015,4048
2016,4049
2017,4048
2018,4052
2019,4056
2020,4071
2021,4051
2022,4047
2023,4055
2024,4051
2025,4050
2026,4047
2027,4047
2028,4050
2029,4056
2030,4051
2031,4056
2032,4063
2033,4053
2034,4055
2035,4051
2036,4043
2037,4048
2038,4047
2039,4047
2040,4047
2041,4048
2042,4045
2043,4072
2044,4053
2045,4059
2046,4045
2047,4053
2048,4052
2049,4048
2050,4043
2051,4050
2052,4044
2053,4047
2054,4048
2055,4046
2056,4048
2057,4059
2058,4059
2059,4053
2060,4049
2061,4047
2062,4053
2063,4050
2064,4055
2065,4047
2066,4047
2067,4057
2068,4051
2069,4050
2070,4055
2071,4045
2072,4053
2073,4046
2074,4047
2075,4048
2076,4051
2077,4047
2078,4055
2079,4042
2080,4050
2081,4062
2082,4049
2083,4055
2084,4049
2085,4055
2086,4056
2087,4052
2088,4047
2089,4060
2090,4041
2091,4045
2092,4044
2093,4048
2094,4042
2095,4050
2096,4055
2097,4053
2098,4051
2099,4055
2100,4053
2101,4053
2102,4043
2103,4047
2104,4045
2105,4053
2106,4046
2107,4048
2108,4063
2109,4055
2110,4044
2111,4048
2112,4054
2113,4049
2114,4051
2115,4045
2116,4047
2117,4036
2118,4045
2119,4050
2120,4047
2121,4055
2122,4056
2123,4057
2124,4056
2125,4051
2126,4048
2127,4059
2128,4056
2129,4051
2130,4048
2131,4047
2132,4040
2133,4052
2134,4055
2135,4032
2136,4049
2137,4052
2138,4084
2139,4048
2140,4041
2141,4039
2142,4045
2143,4042
2144,4044
2145,4056
2146,4055
2147,4055
2148,4060
2149,4055
2150,4054
2151,4048
2152,4057
2153,4052
2154,4047
2155,4052
2156,4071
2157,4054
2158,4048
2159,4055
2160,4057
2161,4060
2162,4064
2163,4050
2164,4050
2165,4053
2166,4060
2167,4053
2168,4044
2169,4047
2170,4045
2171,4054
2172,4055
2173,4052
2174,4051
2175,4055
2176,4050
2177,4052
2178,4052
2179,4047
2180,4053
2181,4048
2182,4046
2183,4049
2184,4042
2185,4055
2186,4058
2187,4062
2188,4050
2189,4048
2190,4063
2191,4056
2192,4043
2193,4051
2194,4045
2195,4049
2196,4050
2197,4055
2198,4055
2199,4060
2200,4052
2201,4053
2202,4043
2203,4058
2204,4047
2205,4064
2206,4044
2207,4049
2208,4044
2209,4058
2210,4055
2211,4056
2212,4055
2213,4053
2214,4053
2215,4049
2216,4048
2217,4045
2218,4046
2219,4041
2220,4048
2221,4042
2222,4053
2223,4055
2224,4056
2225,4055
2226,4054
2227,4053
2228,4054
2229,4058
2230,4047
2231,4055
2232,4045
2233,4052
2234,4048
2235,4055
2236,4053
2237,4059
2238,4056
2239,4051
2240,4043
2241,4056
2242,4047
2243,4056
2244,4044
2245,4042
2246,4024
2247,4042
2248,4051
2249,4055
2250,4053
2251,4056
2252,4056
2253,4052
2254,4051
2255,4047
2256,4050
2257,4049
2258,4045
2259,4050
2260,4051
2261,4055
2262,4052
2263,4055
2264,4051
2265,4056
2266,4051
2267,4051
2268,4047
2269,4052
2270,4047
2271,4052
2272,4044
2273,4055
2274,4053
2275,4063
2276,4056
2277,4053
2278,4047
2279,4058
2280,4047
2281,4052
2282,4046
2283,4045
2284,4053
2285,4047
2286,4053
2287,4053
2288,4051
2289,4055
2290,4047
2291,4051
2292,4051
2293,4047
2294,4046
2295,4048
2296,4052
2297,4048
2298,4051
2299,4059
2300,4072
2301,4058
2302,4053
2303,4052
2304,4055
2305,4058
2306,4045
2307,4050
2308,4045
2309,4052
2310,4040
2311,4055
2312,4055
2313,4060
2314,4056
2315,4053
2316,4045
2317,4052
2318,4047
2319,4060
2320,4048
2321,4049
2322,4049
2323,4047
2324,4051
2325,4061
2326,4054
2327,4053
2328,4055
2329,4050
2330,4051
2331,4059
2332,4044
2333,4055
2334,4045
2335,4048
2336,4055
2337,4056
2338,4055
2339,4056
2340,4053
2341,4052
2342,4058
2343,4055
2344,4045
2345,4051
2346,4063
2347,4049
2348,4048
2349,4047
2350,4055
2351,4058
2352,4056
2353,4053
2354,4043
2355,4054
2356,4063
2357,4058
2358,4048
2359,4049
2360,4045
2361,4055
2362,4049
2363,4075
2364,4055
2365,4047
2366,4049
2367,4049
2368,4047
2369,4048
2370,4053
2371,4047
2372,4047
2373,4047
2374,4037
2375,4064
2376,4059
2377,4063
2378,4054
2379,4051
2380,4064
2381,4048
2382,4047
2383,4051
2384,4041
2385,4049
2386,4052
2387,4046
2388,4036
2389,4059
2390,4056
2391,4051
2392,4060
2393,4049
2394,4053
2395,4045
2396,4047
2397,4045
2398,4048
2399,4056
2400,4052
2401,4047
2402,4050
2403,4051
2404,4056
2405,4049
2406,4051
2407,4048
2408,4053
2409,4047
2410,4050
2411,4049
2412,4055
2413,4058
2414,4053
2415,4055
2416,4047
2417,4047
2418,4048
2419,4036
2420,4046
2421,4047
2422,4047
2423,4047
2424,4052
2425,4051
2426,4052
2427,4063
2428,4059
2429,4051
2430,4043
2431,4053
2432,4061
2433,4048
2434,4047
2435,4043
2436,4047
2437,4048
2438,4055
2439,4048
2440,4059
2441,4056
2442,4061
2443,4052
2444,4059
2445,4045
2446,4054
2447,4051
2448,4051
2449,4043
2450,4045
2451,4052
2452,4056
2453,4047
2454,4055
2455,4053
2456,4054
2457,4048
2458,4048
2459,4043
2460,4047
2461,4046
2462,4050
2463,4044
2464,4048
2465,4059
2466,4060
2467,4059
2468,4064
2469,4054
2470,4056
2471,4051
2472,4051
2473,4048
2474,4045
2475,4048
2476,4051
2477,4045
2478,4053
2479,4055
2480,4056
2481,4048
2482,4055
2483,4047
2484,4052
2485,4047
2486,4052
2487,4043
2488,4047
2489,4050
2490,4055
2491,4057
2492,4051
2493,4054
2494,4047
2495,4048
2496,4048
2497,4047
2498,4047
2499,4043
2500,4056
2501,4047
2502,4048
2503,4055
2504,4056
2505,4061
2506,4056
2507,4055
2508,4054
2509,4041
2510,4049
2511,4041
2512,4055
2513,4048
2514,4048
2515,4050
2516,4055
2517,4055
2518,4054
2519,4052
2520,4049
2521,4050
2522,4051
2523,4051
2524,4047
2525,4056
2526,4049
2527,4056
2528,4051
2529,4055
2530,4051
2531,4052
2532,4052
2533,4048
2534,4039
2535,4051
2536,4041
2537,4048
2538,4043
2539,4043
2540,4053
2541,4053
2542,4055
2543,4056
2544,4051
2545,4047
2546,4053
2547,4052
2548,4045
2549,4047
2550,4042
2551,4058
2552,4047
2553,4048
2554,4051
2555,4047
2556,4053
2557,4052
2558,4052
2559,4046
2560,4050
2561,4047
2562,4049
2563,4043
2564,4045
2565,4043
2566,4055
2567,4055
2568,4055
2569,4054
2570,4053
2571,4047
2572,4050
2573,4047
2574,4048
2575,4047
2576,4041
2577,4043
2578,4048
2579,4055
2580,4056
2581,4059
2582,4052
2583,4055
2584,4056
2585,4051
2586,4043
2587,4035
2588,4046
2589,4048
2590,4051
2591,4052
2592,4052
2593,4055
2594,4053
2595,4051
2596,4051
2597,4048
2598,4057
2599,4055
2600,4043
2601,4047
2602,4044
2603,4049
2604,4055
2605,4055
2606,4055
2607,4051
2608,4055
2609,4045
2610,4048
2611,4047
2612,4042
2613,4047
2614,4048
2615,4047
2616,4042
2617,4054
2618,4049
2619,4059
2620,4052
2621,4062
2622,4053
2623,4044
2624,4045
2625,4044
2626,4047
2627,4047
2628,4048
2629,4055
2630,4049
2631,4055
2632,4058
2633,4053
2634,4050
2635,4050
2636,4055
2637,4047
2638,4045
2639,4049
2640,4043
2641,4049
2642,4052
2643,4055
2644,4056
2645,4051
2646,4056
2647,4050
2648,4050
2649,4053
2650,4042
2651,4047
2652,4048
2653,4047
2654,4040
2655,4058
2656,4052
2657,4059
2658,4052
2659,4062
2660,4052
2661,4049
2662,4048
2663,4043
2664,4043
2665,4045
2666,4045
2667,4051
2668,4049
2669,4055
2670,4056
2671,4051
2672,4049
2673,4047
2674,4055
2675,4055
2676,4047
2677,4047
2678,4047
2679,4057
2680,4056
2681,4059
2682,4064
2683,4055
2684,4052
2685,4051
2686,4048
2687,4051
2688,4045
2689,4040
2690,4042
2691,4042
2692,4044
2693,4051
2694,4056
2695,4060
2696,4053
2697,4063
2698,4058
2699,4053
2700,4053
2701,4043
2702,4050
2703,4044
2704,4049
2705,4048
2706,4049
2707,4055
2708,4058
2709,4049
2710,4045
2711,4051
2712,4053
2713,4043
2714,4055
2715,4047
2716,4051
2717,4047
2718,4056
2719,4054
2720,4055
2721,4068
2722,4051
2723,4052
2724,4044
2725,4046
2726,4046
2727,4051
2728,4043
2729,4058
2730,4047
2731,4053
2732,4064
2733,4055
2734,4053
2735,4041
2736,4053
2737,4048
2738,4048
2739,4047
2740,4048
2741,4045
2742,4045
2743,4048
2744,4048
2745,4055
2746,4056
2747,4059
2748,4047
2749,4049
2750,4047
2751,4051
2752,4047
2753,4039
2754,4050
2755,4047
2756,4064
2757,4056
2758,4052
2759,4059
2760,4051
2761,4051
2762,4050
2763,4049
2764,4052
2765,4049
2766,4047
2767,4049
2768,4047
2769,4051
2770,4055
2771,4055
2772,4055
2773,4049
2774,4047
2775,4047
2776,4044
2777,4045
2778,4047
2779,4047
2780,4049
2781,4053
2782,4050
2783,4056
2784,4055
2785,4055
2786,4060
2787,4053
2788,4049
2789,4047
2790,4047
2791,4045
2792,4040
2793,4039
2794,4047
2795,4048
2796,4060
2797,4055
2798,4057
2799,4055
2800,4056
2801,4047
2802,4052
2803,4061
2804,4050
2805,4047
2806,4048
2807,4047
2808,4060
2809,4052
2810,4059
2811,4049
2812,4055
2813,4052
2814,4048
2815,4047
2816,4052
2817,4041
2818,4051
2819,4048
2820,4048
2821,4055
2822,4051
2823,4051
2824,4055
2825,4044
2826,4045
2827,4048
2828,4035
2829,4052
2830,4043
2831,4056
2832,4049
2833,4048
2834,4051
2835,4055
2836,4053
2837,4056
2838,4051
2839,4048
2840,4051
2841,4047
2842,4047
2843,4041
2844,4043
2845,4045
2846,4055
2847,4052
2848,4057
2849,4050
2850,4055
2851,4052
2852,4051
2853,4045
2854,4054
2855,4040
2856,4052
2857,4048
2858,4055
2859,4047
2860,4055
2861,4055
2862,4053
2863,4051
2864,4047
2865,4046
2866,4047
2867,4048
2868,4040
2869,4048
2870,4049
2871,4048
2872,4055
2873,4055
2874,4055
2875,4059
2876,4051
2877,4050
2878,4051
2879,4047
2880,4046
2881,4047
2882,4047
2883,4043
2884,4051
2885,4060
2886,4058
2887,4056
2888,4055
2889,4054
2890,4055
2891,4049
2892,4057
2893,4048
2894,4052
2895,4050
2896,4055
2897,4047
2898,4054
2899,4057
2900,4051
2901,4049
2902,4049
2903,4046
2904,4047
2905,4041
2906,4043
2907,4051
2908,4051
2909,4052
2910,4055
2911,4058
2912,4059
2913,4053
2914,4051
2915,4048
2916,4048
2917,4043
2918,4043
2919,4048
2920,4039
2921,4041
2922,4047
2923,4052
2924,4055
2925,4056
2926,4055
2927,4054
2928,4047
2929,4048
2930,4055
2931,4048
2932,4053
2933,4049
2934,4051
2935,4043
2936,4056
2937,4055
2938,4050
2939,4053
2940,4053
2941,4050
2942,4047
2943,4048
2944,4043
2945,4047
2946,4046
2947,4048
2948,4054
2949,4053
2950,4059
2951,4054
2952,4055
2953,4049
2954,4052
2955,4051
2956,4047
2957,4049
2958,4051
2959,4043
2960,4055
2961,4056
2962,4059
2963,4052
2964,4055
2965,4052
2966,4047
2967,4045
2968,4051
2969,4040
2970,4047
2971,4044
2972,4052
2973,4050
2974,4052
2975,4051
2976,4053
2977,4055
2978,4055
2979,4050
2980,4047
2981,4045
2982,4050
2983,4047
2984,4051
2985,4048
2986,4052
2987,4059
2988,4056
2989,4059
2990,4052
2991,4047
2992,4056
2993,4055
2994,4048
2995,4047
2996,4052
2997,4047
2998,4055
2999,4055
3000,4059
3001,4052
3002,4055
3003,4054
3004,4047
3005,4045
3006,4055
3007,4048
3008,4051
3009,4048
3010,4059
3011,4051
3012,4055
3013,4053
3014,4056
3015,4052
3016,4055
3017,4048
3018,4047
3019,4042
3020,4043
3021,4054
3022,4047
3023,4048
3024,4053
3025,4049
3026,4057
3027,4055
3028,4056
3029,4049
3030,4049
3031,4054
3032,4052
3033,4047
3034,4052
3035,4051
3036,4053
3037,4053
3038,4060
3039,4050
3040,4052
3041,4050
3042,4048
3043,4047
3044,4047
3045,4048
3046,4050
3047,4048
3048,4051
3049,4045
3050,4054
3051,4055
3052,4056
3053,4052
3054,4057
3055,4049
3056,4047
3057,4048
3058,4041
3059,4043
3060,4045
3061,4048
3062,4051
3063,4049
3064,4058
3065,4049
3066,4055
3067,4047
3068,4046
3069,4048
3070,4045
3071,4045
3072,4056
3073,4047
3074,4055
3075,4056
3076,4055
3077,4057
3078,4063
3079,4051
3080,4045
3081,4043
3082,4047
3083,4048
3084,4043
3085,4051
3086,4049
3087,4053
3088,4060
3089,4051
3090,4055
3091,4057
3092,4048
3093,4053
3094,4048
3095,4054
3096,4045
3097,4049
3098,4043
3099,4039
3100,4049
3101,4055
3102,4057
3103,4055
3104,4047
3105,4047
3106,4050
3107,4048
3108,4044
3109,4047
3110,4055
3111,4047
3112,4051
3113,4056
3114,4055
3115,4058
3116,4061
3117,4053
3118,4051
3119,4046
3120,4045
3121,4044
3122,4045
3123,4047
3124,4047
3125,4052
3126,4060
3127,4056
3128,4055
3129,4059
3130,4051
3131,4055
3132,4048
3133,4032
3134,4042
3135,4059
3136,4051
3137,4039
3138,4046
3139,4049
3140,4050
3141,4053
3142,4055
3143,4055
3144,4047
3145,4048
3146,4048
3147,4047
3148,4055
3149,4047
3150,4043
3151,4048
3152,4050
3153,4054
3154,4061
3155,4053
3156,4055
3157,4052
3158,4051
3159,4052
3160,4045
3161,4047
3162,4041
3163,4042
3164,4052
3165,4052
3166,4047
3167,4061
3168,4049
3169,4049
3170,4049
3171,4048
3172,4060
3173,4053
3174,4047
3175,4043
3176,4046
3177,4049
3178,4050
3179,4053
3180,4051
3181,4051
3182,4046
3183,4048
3184,4048
3185,4047
3186,4055
3187,4047
3188,4047
3189,4055
3190,4051
3191,4055
3192,4061
3193,4058
3194,4055
3195,4056
3196,4050
3197,4055
3198,4041
3199,4047
3200,4043
3201,4048
3202,4048
3203,4048
3204,4047
3205,4057
3206,4051
3207,4048
3208,4051
3209,4051
3210,4055
3211,4047
3212,4045
3213,4060
3214,4051
3215,4055
3216,4060
3217,4057
3218,4055
3219,4051
3220,4049
3221,4048
3222,4044
3223,4043
3224,4047
3225,4044
3226,4047
3227,4048
3228,4060
3229,4052
3230,4060
3231,4051
3232,4049
3233,4049
3234,4050
3235,4048
3236,4045
3237,4043
3238,4047
3239,4049
3240,4053
3241,4056
3242,4059
3243,4063
3244,4055
3245,4051
3246,4048
3247,4047
3248,4047
3249,4053
3250,4045
3251,4047
3252,4052
3253,4051
3254,4060
3255,4055
3256,4055
3257,4029
3258,4048
3259,4052
3260,4049
3261,4047
3262,4048
3263,4043
3264,4047
3265,4045
3266,4047
3267,4048
3268,4063
3269,4052
3270,4059
3271,4050
3272,4063
3273,4052
3274,4046
3275,4045
3276,4041
3277,4046
3278,4048
3279,4050
3280,4053
3281,4051
3282,4050
3283,4053
3284,4049
3285,4050
3286,4047
3287,4047
3288,4047
3289,4047
3290,4051
3291,4046
3292,4057
3293,4056
3294,4063
3295,4060
3296,4055
3297,4052
3298,4051
3299,4043
3300,4051
3301,4044
3302,4044
3303,4048
3304,4048
3305,4047
3306,4056
3307,4053
3308,4053
3309,4049
3310,4060
3311,4054
3312,4047
3313,4043
3314,4045
3315,4053
3316,4053
3317,4052
3318,4055
3319,4059
3320,4051
3321,4049
3322,4049
3323,4048
3324,4051
3325,4055
3326,4048
3327,4045
3328,4048
3329,4045
3330,4052
3331,4056
3332,4063
3333,4052
3334,4055
3335,4052
3336,4055
3337,4047
3338,4051
3339,4047
3340,4048
3341,4048
3342,4050
3343,4047
3344,4054
3345,4051
3346,4049
3347,4049
3348,4050
3349,4050
3350,4045
3351,4044
3352,4045
3353,4047
3354,4052
3355,4056
3356,4055
3357,4055
3358,4053
3359,4052
3360,4053
3361,4049
3362,4047
3363,4055
3364,4047
3365,4047
3366,4048
3367,4047
3368,4058
3369,4053
3370,4059
3371,4056
3372,4055
3373,4052
3374,4053
3375,4045
3376,4052
3377,4051
3378,4048
3379,4048
3380,4051
3381,4047
3382,4053
3383,4053
3384,4049
3385,4049
3386,4047
3387,4048
3388,4047
3389,4047
3390,4049
3391,4045
3392,4051
3393,4049
3394,4055
3395,4061
3396,4055
3397,4053
3398,4049
3399,4051
3400,4051
3401,4055
3402,4047
3403,4043
3404,4047
3405,4047
3406,4054
3407,4056
3408,4055
3409,4052
3410,4052
3411,4052
3412,4047
3413,4037
3414,4048
3415,4048
3416,4035
3417,4055
3418,4053
3419,4055
3420,4056
3421,4052
3422,4055
3423,4055
3424,4047
3425,4043
3426,4047
3427,4043
3428,4040
3429,4055
3430,4053
3431,4047
3432,4053
3433,4054
3434,4056
3435,4049
3436,4063
3437,4047
3438,4046
3439,4051
3440,4048
3441,4047
3442,4055
3443,4049
3444,4055
3445,4060
3446,4052
3447,4056
3448,4063
3449,4043
3450,4051
3451,4048
3452,4043
3453,4058
3454,4043
3455,4061
3456,4052
3457,4055
3458,4056
3459,4064
3460,4047
3461,4056
3462,4044
3463,4047
3464,4048
3465,4040
3466,4047
3467,4049
3468,4045
3469,4051
3470,4052
3471,4055
3472,4059
3473,4053
3474,4054
3475,4044
3476,4047
3477,4048
3478,4040
3479,4047
3480,4047
3481,4049
3482,4057
3483,4056
3484,4051
3485,4055
3486,4053
3487,4047
3488,4055
3489,4048
3490,4047
3491,4056
3492,4046
3493,4047
3494,4050
3495,4053
3496,4064
3497,4064
3498,4055
3499,4063
3500,4048
3501,4055
3502,4064
3503,4040
3504,4047
3505,4049
3506,4037
3507,4051
3508,4048
3509,4041
3510,4051
3511,4055
3512,4055
3513,4049
3514,4051
3515,4049
3516,4048
3517,4045
3518,4055
3519,4050
3520,4049
3521,4054
3522,4049
3523,4055
3524,4068
3525,4049
3526,4055
3527,4048
3528,4044
3529,4055
3530,4047
3531,4045
3532,4047
3533,4047
3534,4063
3535,4050
3536,4059
3537,4055
3538,4045
3539,4057
3540,4052
3541,4047
3542,4048
3543,4059
3544,4041
3545,4050
3546,4049
3547,4060
3548,4057
3549,4051
3550,4049
3551,4050
3552,4047
3553,4047
3554,4048
3555,4047
3556,4045
3557,4045
3558,4049
3559,4056
3560,4051
3561,4059
3562,4063
3563,4050
3564,4055
3565,4048
3566,4047
3567,4051
3568,4045
3569,4047
3570,4047
3571,4047
3572,4064
3573,4056
3574,4055
3575,4059
3576,4052
3577,4051
3578,4049
3579,4047
3580,4043
3581,4058
3582,4040
3583,4053
3584,4052
3585,4063
3586,4061
3587,4071
3588,4053
3589,4048
3590,4055
3591,4049
3592,4048
3593,4047
3594,4041
3595,4043
3596,4049
3597,4052
3598,4049
3599,4055
3600,4059
3601,4051
3602,4047
3603,4051
3604,4044
3605,4050
3606,4048
3607,4047
3608,4056
3609,4051
3610,4056
3611,4063
3612,4047
3613,4059
3614,4048
3615,4047
3616,4050
3617,4041
3618,4043
3619,4043
3620,4040
3621,4050
3622,4048
3623,4055
3624,4061
3625,4055
3626,4052
3627,4050
3628,4047
3629,4052
3630,4048
3631,4047
3632,4044
3633,4043
3634,4053
3635,4050
3636,4056
3637,4055
3638,4063
3639,4052
3640,4055
3641,4055
3642,4044
3643,4045
3644,4044
3645,4047
3646,4056
3647,4055
3648,4058
3649,4057
3650,4055
3651,4061
3652,4051
3653,4052
3654,4064
3655,4049
3656,4047
3657,4050
3658,4043
3659,4049
3660,4044
3661,4056
3662,4056
3663,4055
3664,4055
3665,4052
3666,4047
3667,4047
3668,4048
3669,4047
3670,4047
3671,4041
3672,4051
3673,4056
3674,4049
3675,4056
3676,4063
3677,4055
3678,4053
3679,4048
3680,4047
3681,4053
3682,4044
3683,4047
3684,4048
3685,4047
3686,4056
3687,4063
3688,4053
3689,4055
3690,4053
3691,4049
3692,4052
3693,4050
3694,4047
3695,4048
3696,4041
3697,4043
3698,4048
3699,4051
3700,4055
3701,4055
3702,4051
3703,4043
3704,4047
3705,4045
3706,4040
3707,4047
3708,4047
3709,4043
3710,4049
3711,4052
3712,4054
3713,4058
3714,4063
3715,4056
3716,4055
3717,4051
3718,4045
3719,4051
3720,4042
3721,4055
3722,4048
3723,4047
3724,4060
3725,4057
3726,4055
3727,4055
3728,4027
3729,4052
3730,4056
3731,4043
3732,4043
3733,4048
3734,4041
3735,4041
3736,4048
3737,4055
3738,4059
3739,4055
3740,4055
3741,4055
3742,4049
3743,4047
3744,4048
3745,4047
3746,4051
3747,4043
3748,4047
3749,4053
3750,4049
3751,4059
3752,4055
3753,4055
3754,4055
3755,4048
3756,4047
3757,4043
3758,4046
3759,4047
3760,4048
3761,4047
3762,4060
3763,4055
3764,4051
3765,4055
3766,4056
3767,4047
3768,4047
3769,4047
3770,4046
3771,4050
3772,4048
3773,4047
3774,4049
3775,4063
3776,4054
3777,4055
3778,4052
3779,4048
3780,4059
3781,4044
3782,4047
3783,4047
3784,4041
3785,4060
3786,4045
3787,4063
3788,4058
3789,4055
3790,4060
3791,4056
3792,4051
3793,4055
3794,4049
3795,4051
3796,4048
3797,4048
3798,4047
3799,4051
3800,4055
3801,4051
3802,4051
3803,4051
3804,4056
3805,4045
3806,4052
3807,4049
3808,4047
3809,4047
3810,4056
3811,4047
3812,4053
3813,4055
3814,4054
3815,4053
3816,4052
3817,4053
3818,4055
3819,4046
3820,4047
3821,4044
3822,4043
3823,4052
3824,4045
3825,4053
3826,4053
3827,4051
3828,4053
3829,4048
3830,4047
3831,4051
3832,4045
3833,4047
3834,4052
3835,4041
3836,4046
3837,4055
3838,4049
3839,4053
3840,4055
3841,4056
3842,4055
3843,4051
3844,4051
3845,4048
3846,4047
3847,4049
3848,4048
3849,4043
3850,4047
3851,4048
3852,4053
3853,4056
3854,4056
3855,4057
3856,4057
3857,4051
3858,4051
3859,4047
3860,4042
3861,4051
3862,4047
3863,4047
3864,4050
3865,4053
3866,4058
3867,4056
3868,4055
3869,4055
3870,4048
3871,4049
3872,4048
3873,4044
3874,4046
3875,4047
3876,4046
3877,4047
3878,4054
3879,4051
3880,4053
3881,4064
3882,4059
3883,4049
3884,4047
3885,4050
3886,4052
3887,4047
3888,4031
3889,4051
3890,4047
3891,4059
3892,4049
3893,4051
3894,4059
3895,4052
3896,4047
3897,4048
3898,4045
3899,4056
3900,4048
3901,4047
3902,4056
3903,4051
3904,4063
3905,4061
3906,4053
3907,4059
3908,4044
3909,4047
3910,4049
3911,4044
3912,4039
3913,4052
3914,4040
3915,4048
3916,4053
3917,4049
3918,4059
3919,4051
3920,4031
3921,4047
3922,4047
3923,4048
3924,4048
3925,4043
3926,4047
3927,4051
3928,4047
3929,4053
3930,4056
3931,4055
3932,4055
3933,4053
3934,4047
3935,4047
3936,4045
3937,4054
3938,4046
3939,4053
3940,4050
3941,4051
3942,4060
3943,4052
3944,4053
3945,4055
3946,4052
3947,4047
3948,4056
3949,4040
3950,4046
3951,4051
3952,4044
3953,4053
3954,4052
3955,4050
3956,4056
3957,4045
3958,4053
3959,4050
3960,4041
3961,4047
3962,4048
3963,4050
3964,4047
3965,4049
3966,4047
3967,4054
3968,4050
3969,4055
3970,4056
3971,4051
3972,4048
3973,4055
3974,4043
3975,4045
3976,4048
3977,4051
3978,4054
3979,4053
3980,4055
3981,4058
3982,4047
3983,4058
3984,4052
3985,4049
3986,4055
3987,4045
3988,4045
3989,4047
3990,4044
3991,4047
3992,4056
3993,4055
3994,4068
3995,4049
3996,4061
3997,4052
3998,4060
3999,4048
4000,4052
4001,4043
4002,4043
4003,4047
4004,4050
4005,4049
4006,4052
4007,4055
4008,4055
4009,4046
4010,4047
4011,4050
4012,4043
4013,4051
4014,4049
4015,4069
4016,4047
4017,4051
4018,4062
4019,4056
4020,4057
4021,4055
4022,4054
4023,4045
4024,4060
4025,4045
4026,4043
4027,4053
4028,4040
4029,4052
4030,4053
4031,4055
4032,4062
4033,4047
4034,4055
4035,4051
4036,4048
4037,4048
4038,4048
4039,4047
4040,4045
4041,4045
4042,4051
4043,4051
4044,4052
4045,4055
4046,4055
4047,4051
4048,4043
4049,4047
4050,4043
4051,4071
4052,4044
4053,4047
4054,4051
4055,4055
4056,4060
4057,4056
4058,4055
4059,4059
4060,4050
4061,4047
4062,4058
4063,4044
4064,4043
4065,4047
4066,4042
4067,4047
4068,4056
4069,4052
4070,4062
4071,4049
4072,4059
4073,4050
4074,4052
4075,4048
4076,4048
4077,4047
4078,4043
4079,4047
4080,4047
4081,4053
4082,4052
4083,4053
4084,4063
4085,4053
4086,4051
4087,4049
4088,4048
4089,4061
4090,4048
4091,4047
4092,4048
4093,4051
4094,4060
4095,4057
4096,4048
4097,4059
4098,4048
4099,4047
4100,4056
4101,4043
4102,4045
4103,4051
4104,4039
4105,4049
4106,4050
4107,4055
4108,4063
4109,4047
4110,4053
4111,4050
4112,4057
4113,4048
4114,4048
4115,4043
4116,4041
4117,4047
4118,4053
4119,4051
4120,4057
4121,4047
4122,4052
4123,4052
4124,4048
4125,4055
4126,4047
4127,4047
4128,4048
4129,4043
4130,4045
4131,4057
4132,4056
4133,4059
4134,4053
4135,4051
4136,4052
4137,4045
4138,4049
4139,4043
4140,4047
4141,4050
4142,4048
4143,4053
4144,4055
4145,4062
4146,4055
4147,4055
4148,4053
4149,4047
4150,4052
4151,4041
4152,4047
4153,4043
4154,4041
4155,4045
4156,4056
4157,4055
4158,4055
4159,4047
4160,4053
4161,4048
4162,4048
4163,4055
4164,4048
4165,4047
4166,4048
4167,4040
4168,4055
4169,4055
4170,4053
4171,4055
4172,4053
4173,4049
4174,4053
4175,4047
4176,4047
4177,4043
4178,4047
4179,4050
4180,4048
4181,4051
4182,4059
4183,4054
4184,4058
4185,4056
4186,4040
4187,4047
4188,4047
4189,4052
4190,4041
4191,4047
4192,4032
4193,4047
4194,4045
4195,4047
4196,4055
4197,4050
4198,4064
4199,4056
4200,4047
4201,4063
4202,4051
4203,4047
4204,4064
4205,4044
4206,4045
4207,4055
4208,4048
4209,4055
4210,4049
4211,4055
4212,4057
4213,4048
4214,4055
4215,4050
4216,4043
4217,4047
4218,4048
4219,4051
4220,4055
4221,4053
4222,4047
4223,4053
4224,4052
4225,4048
4226,4058
4227,4047
4228,4053
4229,4048
4230,4043
4231,4050
4232,4048
4233,4047
4234,4055
4235,4055
4236,4056
4237,4056
4238,4051
4239,4059
4240,4051
4241,4049
4242,4049
4243,4048
4244,4047
4245,4053
4246,4052
4247,4027
4248,4064
4249,4051
4250,4059
4251,4049
4252,4049
4253,4040
4254,4044
4255,4048
4256,4048
4257,4039
4258,4050
4259,4054
4260,4056
4261,4056
4262,4049
4263,4063
4264,4053
4265,4049
4266,4047
4267,4045
4268,4045
4269,4047
4270,4047
4271,4052
4272,4055
4273,4049
4274,4055
4275,4048
4276,4051
4277,4045
4278,4052
4279,4047
4280,4050
4281,4045
4282,4045
4283,4047
4284,4054
4285,4047
4286,4064
4287,4053
4288,4057
4289,4045
4290,4047
4291,4047
4292,4047
4293,4048
4294,4044
4295,4043
4296,4054
4297,4052
4298,4056
4299,4053
4300,4036
4301,4055
4302,4047
4303,4047
4304,4047
4305,4047
4306,4041
4307,4047
4308,4047
4309,4051
4310,4057
4311,4054
4312,4063
4313,4052
4314,4051
4315,4047
4316,4046
4317,4043
4318,4048
4319,4042
4320,4047
4321,4053
4322,4056
4323,4051
4324,4066
4325,4055
4326,4064
4327,4050
4328,4055
4329,4051
4330,4053
4331,4052
4332,4042
4333,4037
4334,4048
4335,4048
4336,4052
4337,4056
4338,4049
4339,4047
4340,4053
4341,4048
4342,4051
4343,4051
4344,4044
4345,4047
4346,4047
4347,4047
4348,4055
4349,4048
4350,4059
4351,4052
4352,4049
4353,4055
4354,4048
4355,4047
4356,4044
4357,4047
4358,4042
4359,4055
4360,4040
4361,4051
4362,4055
4363,4051
4364,4061
4365,4046
4366,4051
4367,4048
4368,4048
4369,4048
4370,4044
4371,4039
4372,4052
4373,4049
4374,4048
4375,4057
4376,4052
4377,4055
4378,4055
4379,4049
4380,4043
4381,4043
4382,4048
4383,4051
4384,4043
4385,4053
4386,4055
4387,4049
4388,4063
4389,4050
4390,4050
4391,4055
4392,4045
4393,4045
4394,4048
4395,4047
4396,4043
4397,4047
4398,4040
4399,4054
4400,4064
4401,4064
4402,4056
4403,4055
4404,4047
4405,4047
4406,4047
4407,4051
4408,4048
4409,4039
4410,4052
4411,4050
4412,4050
4413,4054
4414,4054
4415,4055
4416,4051
4417,4046
4418,4061
4419,4051
4420,4042
4421,4054
4422,4048
4423,4055
4424,4057
4425,4050
4426,4062
4427,4056
4428,4051
4429,4047
4430,4042
4431,4049
4432,4048
4433,4048
4434,4043
4435,4053
4436,4044
4437,4055
4438,4053
4439,4056
4440,4051
4441,4045
4442,4042
4443,4046
4444,4047
4445,4045
4446,4052
4447,4047
4448,4047
4449,4055
4450,4047
4451,4058
4452,4051
4453,4059
4454,4051
4455,4048
4456,4050
4457,4047
4458,4040
4459,4047
4460,4047
4461,4055
4462,4055
4463,4051
4464,4071
4465,4048
4466,4050
4467,4055
4468,4044
4469,4048
4470,4047
4471,4048
4472,4047
4473,4048
4474,4056
4475,4051
4476,4055
4477,4051
4478,4055
4479,4055
4480,4041
4481,4051
4482,4050
4483,4050
4484,4040
4485,4047
4486,4035
4487,4058
4488,4056
4489,4055
4490,4058
4491,4051
4492,4058
4493,4050
4494,4048
4495,4055
4496,4052
4497,4044
4498,4048
4499,4052
4500,4059
4501,4055
4502,4051
4503,4056
4504,4051
4505,4052
4506,4055
4507,4046
4508,4047
4509,4044
4510,4047
4511,4066
4512,4052
4513,4051
4514,4051
4515,4049
4516,4054
4517,4048
4518,4048
4519,4047
4520,4047
4521,4044
4522,4045
4523,4045
4524,4045
4525,4060
4526,4053
4527,4057
4528,4053
4529,4053
4530,4051
4531,4048
4532,4047
4533,4047
4534,4046
4535,4043
4536,4048
4537,4049
4538,4053
4539,4061
4540,4049
4541,4060
4542,4052
4543,4055
4544,4053
4545,4047
4546,4039
4547,4047
4548,4041
4549,4052
4550,4048
4551,4047
4552,4059
4553,4056
4554,4053
4555,4056
4556,4050
4557,4051
4558,4047
4559,4044
4560,4047
4561,4056
4562,4041
4563,4051
4564,4045
4565,4052
4566,4052
4567,4051
4568,4056
4569,4052
4570,4042
4571,4055
4572,4046
4573,4039
4574,4047
4575,4043
4576,4050
4577,4053
4578,4048
4579,4055
4580,4051
4581,4049
4582,4053
4583,4047
4584,4047
4585,4053
4586,4047
4587,4049
4588,4048
4589,4047
4590,4063
4591,4053
4592,4055
4593,4048
4594,4048
4595,4059
4596,4055
4597,4048
4598,4039
4599,4052
4600,4043
4601,4054
4602,4045
4603,4058
4604,4056
4605,4052
4606,4056
4607,4056
4608,4043
4609,4055
4610,4045
4611,4042
4612,4048
4613,4042
4614,4055
4615,4053
4616,4055
4617,4054
4618,4051
4619,4050
4620,4079
4621,4047
4622,4047
4623,4047
4624,4043
4625,4050
4626,4044
4627,4047
4628,4059
4629,4031
4630,4056
4631,4053
4632,4068
4633,4047
4634,4055
4635,4047
4636,4043
4637,4043
4638,4043
4639,4048
4640,4041
4641,4047
4642,4056
4643,4053
4644,4057
4645,4048
4646,4051
4647,4055
4648,4046
4649,4043
4650,4052
4651,4041
4652,4048
4653,4055
4654,4048
4655,4059
4656,4064
4657,4052
4658,4054
4659,4042
4660,4049
4661,4073
4662,4041
4663,4046
4664,4048
4665,4041
4666,4055
4667,4052
4668,4053
4669,4051
4670,4052
4671,4051
4672,4051
4673,4048
4674,4049
4675,4039
4676,4047
4677,4050
4678,4045
4679,4048
4680,4054
4681,4055
4682,4053
4683,4052
4684,4047
4685,4043
4686,4047
4687,4051
4688,4047
4689,4042
4690,4043
4691,4049
4692,4050
4693,4047
4694,4056
4695,4051
4696,4053
4697,4050
4698,4047
4699,4056
4700,4047
4701,4056
4702,4053
4703,4043
4704,4055
4705,4061
4706,4058
4707,4052
4708,4052
4709,4047
4710,4048
4711,4044
4712,4043
4713,4045
4714,4041
4715,4047
4716,4047
4717,4047
4718,4052
4719,4059
4720,4052
4721,4056
4722,4051
4723,4063
4724,4050
4725,4043
4726,4049
4727,4043
4728,4047
4729,4055
4730,4052
4731,4053
4732,4052
4733,4053
4734,4056
4735,4048
4736,4051
4737,4048
4738,4047
4739,4052
4740,4056
4741,4047
4742,4053
4743,4050
4744,4052
4745,4056
4746,4052
4747,4039
4748,4056
4749,4044
4750,4043
4751,4047
4752,4032
4753,4053
4754,4051
4755,4051
4756,4055
4757,4051
4758,4056
4759,4056
4760,4047
4761,4047
4762,4045
4763,4049
4764,4046
4765,4048
4766,4047
4767,4063
4768,4054
4769,4047
4770,4056
4771,4053
4772,4057
4773,4048
4774,4047
4775,4048
4776,4047
4777,4048
4778,4054
4779,4045
4780,4049
4781,4055
4782,4048
4783,4056
4784,4025
4785,4043
4786,4054
4787,4049
4788,4048
4789,4047
4790,4048
4791,4051
4792,4047
4793,4055
4794,4061
4795,4051
4796,4058
4797,4048
4798,4049
4799,4047
4800,4048
4801,4043
4802,4048
4803,4042
4804,4045
4805,4051
4806,4053
4807,4051
4808,4056
4809,4053
4810,4063
4811,4052
4812,4047
4813,4056
4814,4047
4815,4048
4816,4051
4817,4043
4818,4052
4819,4051
4820,4084
4821,4056
4822,4047
4823,4055
4824,4048
4825,4048
4826,4048
4827,4047
4828,4047
4829,4055
4830,4047
4831,4058
4832,4048
4833,4050
4834,4063
4835,4056
4836,4055
4837,4052
4838,4051
4839,4056
4840,4047
4841,4053
4842,4037
4843,4049
4844,4048
4845,4056
4846,4055
4847,4059
4848,4054
4849,4051
4850,4056
4851,4050
4852,4047
4853,4056
4854,4045
4855,4047
4856,4043
4857,4035
4858,4058
4859,4047
4860,4058
4861,4047
4862,4047
4863,4054
4864,4048
4865,4047
4866,4049
4867,4053
4868,4047
4869,4052
4870,4048
4871,4055
4872,4055
4873,4051
4874,4047
4875,4051
4876,4043
4877,4054
4878,4042
4879,4047
4880,4045
4881,4047
4882,4052
4883,4056
4884,4053
4885,4059
4886,4055
4887,4051
4888,4054
4889,4051
4890,4047
4891,4051
4892,4043
4893,4041
4894,4045
4895,4044
4896,4054
4897,4048
4898,4063
4899,4047
